ndata,n_pattern,l_pattern,distributed_pattern,exec_time,transmit_time,compute_time,gather_time
1000,21,10,pattern distributed,2.09,0.00,2.08,0.00
1000,21,100,pattern distributed,2.27,0.00,2.27,0.00
1000,31,10,pattern distributed,1.87,0.01,1.86,0.00
1000,31,100,pattern distributed,2.42,0.01,2.42,0.00
1000,41,10,pattern distributed,1.99,0.01,1.98,0.00
1000,41,100,pattern distributed,3.13,0.01,3.12,0.00
1000,51,10,pattern distributed,1.98,0.01,1.97,0.00
1000,51,100,pattern distributed,3.11,0.01,3.10,0.00
1000,61,10,pattern distributed,1.65,0.05,1.59,0.00
1000,61,100,pattern distributed,2.94,0.04,2.89,0.00
1000,71,10,pattern distributed,1.71,0.05,1.66,0.00
1000,71,100,pattern distributed,3.82,0.05,3.77,0.00
1000,81,10,pattern distributed,1.67,0.04,1.63,0.00
1000,81,100,pattern distributed,4.35,0.04,4.31,0.00
1000,91,10,pattern distributed,1.79,0.05,1.73,0.00
1000,101,10,pattern distributed,1.67,0.05,1.61,0.00
1000,101,100,pattern distributed,4.70,0.05,4.64,0.00
1000,111,10,pattern distributed,1.80,0.05,1.75,0.00
1000,111,100,pattern distributed,4.30,0.05,4.25,0.00
1000,121,10,pattern distributed,1.70,0.06,1.64,0.01
1000,131,10,pattern distributed,1.57,0.05,1.51,0.01
1000,131,100,pattern distributed,5.08,0.07,5.00,0.00
1000,141,10,pattern distributed,1.71,0.06,1.65,0.00
1000,151,10,pattern distributed,1.77,0.06,1.71,0.00
1000,151,100,pattern distributed,5.67,0.05,5.62,0.00
1000,161,10,pattern distributed,1.63,0.06,1.56,0.01
1000,161,100,pattern distributed,4.66,0.05,4.60,0.01
1000,171,10,pattern distributed,1.73,0.05,1.68,0.01
1000,171,100,pattern distributed,5.95,0.05,5.90,0.01
1000,181,10,pattern distributed,1.78,0.05,1.73,0.01
1000,181,100,pattern distributed,5.93,0.06,5.87,0.01
1000,191,10,pattern distributed,1.78,0.06,1.72,0.01
1000,191,100,pattern distributed,5.30,0.06,5.23,0.01
1000,201,10,pattern distributed,1.76,0.05,1.71,0.01
1000,201,100,pattern distributed,7.15,0.08,7.06,0.01
1000,211,10,pattern distributed,1.86,0.06,1.80,0.01
1000,211,100,pattern distributed,7.18,0.07,7.10,0.01
1000,221,10,pattern distributed,1.90,0.08,1.81,0.01
1000,221,100,pattern distributed,6.47,0.05,6.42,0.01
1000,231,10,pattern distributed,1.90,0.05,1.84,0.01
1000,231,100,pattern distributed,7.15,0.05,7.10,0.01
1000,241,10,pattern distributed,1.89,0.06,1.82,0.01
1000,241,100,pattern distributed,7.41,0.05,7.35,0.01
1000,251,10,pattern distributed,1.88,0.07,1.80,0.01
1000,251,100,pattern distributed,7.18,0.07,7.10,0.01
1000,261,10,pattern distributed,1.88,0.05,1.82,0.01
1000,261,100,pattern distributed,8.06,0.05,8.00,0.01
1000,271,10,pattern distributed,1.88,0.07,1.81,0.01
1000,271,100,pattern distributed,7.45,0.04,7.41,0.01
1000,281,10,pattern distributed,1.86,0.06,1.80,0.01
1000,281,100,pattern distributed,8.22,0.12,8.10,0.01
1000,291,10,pattern distributed,1.99,0.07,1.91,0.01
1000,291,100,pattern distributed,8.61,0.06,8.54,0.01
1000,301,10,pattern distributed,1.95,0.05,1.89,0.01
1000,301,100,pattern distributed,8.69,0.05,8.63,0.01
1000,311,10,pattern distributed,1.89,0.05,1.83,0.01
1000,311,100,pattern distributed,8.69,0.05,8.63,0.01
1000,321,10,pattern distributed,2.39,0.05,2.34,0.01
1000,321,100,pattern distributed,9.41,0.06,9.34,0.01
1000,331,10,pattern distributed,1.98,0.04,1.93,0.01
1000,331,100,pattern distributed,9.52,0.05,9.47,0.01
1000,341,10,pattern distributed,1.95,0.06,1.89,0.01
1000,341,100,pattern distributed,9.81,0.05,9.75,0.01
1000,351,10,pattern distributed,1.78,0.05,1.72,0.01
1000,351,100,pattern distributed,10.82,0.04,10.77,0.01
1000,361,10,pattern distributed,2.01,0.06,1.95,0.01
1000,361,100,pattern distributed,10.26,0.06,10.20,0.01
1000,371,10,pattern distributed,1.98,0.04,1.93,0.01
1000,371,100,pattern distributed,10.34,0.05,10.28,0.01
1000,381,10,pattern distributed,2.02,0.05,1.96,0.01
1000,381,100,pattern distributed,9.90,0.06,9.84,0.01
1000,391,10,pattern distributed,2.05,0.05,1.99,0.01
1000,391,100,pattern distributed,11.01,0.05,10.95,0.01
1000,401,10,pattern distributed,1.85,0.06,1.79,0.01
1000,401,100,pattern distributed,11.50,0.10,11.39,0.01
1000,411,10,pattern distributed,2.04,0.08,1.95,0.01
1000,411,100,pattern distributed,10.28,0.06,10.22,0.01
1000,421,10,pattern distributed,2.03,0.05,1.96,0.01
1000,421,100,pattern distributed,11.59,0.05,11.53,0.01
1000,431,10,pattern distributed,2.07,0.08,1.99,0.01
1000,431,100,pattern distributed,10.57,0.05,10.51,0.01
1000,441,10,pattern distributed,2.01,0.05,1.95,0.01
1000,441,100,pattern distributed,11.76,0.05,11.70,0.01
1000,451,10,pattern distributed,2.30,0.08,2.22,0.01
1000,451,100,pattern distributed,10.28,0.05,10.22,0.01
1000,461,10,pattern distributed,1.86,0.05,1.80,0.01
1000,461,100,pattern distributed,12.42,0.04,12.37,0.01
1000,471,10,pattern distributed,2.04,0.05,1.98,0.01
1000,471,100,pattern distributed,11.66,0.05,11.60,0.01
1000,481,10,pattern distributed,2.22,0.11,2.10,0.01
1000,481,100,pattern distributed,13.09,0.05,13.03,0.01
1000,491,10,pattern distributed,2.08,0.06,2.02,0.01
1000,491,100,pattern distributed,13.21,0.06,13.14,0.01
1000,501,10,pattern distributed,2.04,0.05,1.97,0.01
1000,501,100,pattern distributed,12.09,0.05,12.03,0.01
1000,511,10,pattern distributed,2.53,0.13,2.39,0.01
1000,511,100,pattern distributed,12.03,0.06,11.96,0.01
1000,521,10,pattern distributed,2.10,0.06,2.03,0.01
1000,521,100,pattern distributed,13.92,0.08,13.83,0.01
1000,531,10,pattern distributed,2.05,0.08,1.96,0.01
1000,531,100,pattern distributed,14.45,0.06,14.38,0.01
1000,541,10,pattern distributed,2.05,0.05,1.98,0.01
1000,541,100,pattern distributed,14.44,0.05,14.38,0.01
1000,551,10,pattern distributed,1.89,0.05,1.83,0.01
1000,551,100,pattern distributed,14.54,0.04,14.48,0.01
1000,561,10,pattern distributed,2.03,0.06,1.96,0.01
1000,561,100,pattern distributed,14.65,0.08,14.55,0.01
1000,571,10,pattern distributed,2.07,0.06,2.00,0.01
1000,571,100,pattern distributed,14.60,0.05,14.54,0.01
1000,581,10,pattern distributed,1.99,0.04,1.93,0.01
1000,581,100,pattern distributed,14.01,0.05,13.95,0.01
1000,741,10,pattern distributed,2.02,0.08,1.93,0.01
1000,741,100,pattern distributed,17.27,0.08,17.17,0.01
1000,751,10,pattern distributed,1.75,0.08,1.65,0.01
1000,751,100,pattern distributed,16.81,0.05,16.75,0.01
1000,761,10,pattern distributed,1.88,0.06,1.80,0.02
1000,761,100,pattern distributed,17.78,0.08,17.68,0.02
1000,771,10,pattern distributed,1.77,0.04,1.71,0.01
1000,771,100,pattern distributed,18.74,0.07,18.65,0.02
1000,781,10,pattern distributed,2.06,0.05,1.99,0.02
1000,781,100,pattern distributed,18.69,0.05,18.62,0.01
1000,791,10,pattern distributed,1.82,0.04,1.76,0.01
1000,791,100,pattern distributed,17.14,0.04,17.08,0.01
1000,801,10,pattern distributed,1.65,0.05,1.59,0.02
1000,801,100,pattern distributed,19.60,0.07,19.52,0.01
1000,811,10,pattern distributed,2.02,0.08,1.93,0.02
1000,811,100,pattern distributed,17.66,0.05,17.60,0.01
1000,821,10,pattern distributed,1.85,0.05,1.79,0.02
1000,821,100,pattern distributed,19.99,0.04,19.93,0.02
1000,831,10,pattern distributed,2.01,0.05,1.94,0.02
1000,831,100,pattern distributed,20.45,0.05,20.39,0.02
1000,841,10,pattern distributed,2.02,0.06,1.95,0.02
1000,841,100,pattern distributed,18.52,0.06,18.44,0.02
1000,851,10,pattern distributed,2.01,0.05,1.94,0.02
1000,851,100,pattern distributed,19.23,0.05,19.17,0.02
1000,861,10,pattern distributed,2.04,0.05,1.97,0.02
1000,861,100,pattern distributed,21.31,0.10,21.19,0.02
1000,871,10,pattern distributed,1.88,0.08,1.79,0.02
1000,871,100,pattern distributed,19.56,0.05,19.49,0.02
1000,881,10,pattern distributed,2.04,0.05,1.98,0.02
1000,881,100,pattern distributed,22.10,0.06,22.02,0.02
1000,891,10,pattern distributed,2.07,0.05,2.00,0.02
1000,891,100,pattern distributed,21.99,0.11,21.87,0.02
1000,901,10,pattern distributed,2.09,0.08,1.99,0.02
1000,901,100,pattern distributed,22.40,0.07,22.31,0.02
1000,911,10,pattern distributed,2.09,0.06,2.02,0.02
1000,911,100,pattern distributed,20.86,0.05,20.79,0.02
1000,921,10,pattern distributed,2.11,0.06,2.04,0.02
1000,921,100,pattern distributed,22.04,0.08,21.94,0.02
1000,931,10,pattern distributed,1.95,0.08,1.85,0.02
1000,931,100,pattern distributed,23.18,0.05,23.12,0.02
1000,941,10,pattern distributed,1.81,0.05,1.74,0.02
1000,941,100,pattern distributed,21.24,0.05,21.18,0.02
1000,951,10,pattern distributed,2.13,0.06,2.06,0.02
1000,951,100,pattern distributed,19.33,0.05,19.25,0.02
1000,961,10,pattern distributed,2.15,0.06,2.08,0.02
1000,961,100,pattern distributed,23.58,0.05,23.51,0.02
1000,971,10,pattern distributed,2.08,0.08,1.98,0.02
1000,971,100,pattern distributed,20.29,0.05,20.22,0.02
1000,981,10,pattern distributed,2.17,0.05,2.10,0.02
1000,981,100,pattern distributed,22.52,0.08,22.42,0.02
1000,991,10,pattern distributed,2.01,0.04,1.96,0.02
1000,991,100,pattern distributed,24.85,0.08,24.76,0.02
1500,1,10,pattern distributed,1.89,0.00,1.89,0.00
1500,1,100,pattern distributed,2.02,0.00,2.01,0.00
1500,11,10,pattern distributed,1.89,0.00,1.89,0.00
1500,11,100,pattern distributed,2.20,0.00,2.19,0.00
1500,21,10,pattern distributed,1.91,0.01,1.90,0.00
1500,21,100,pattern distributed,2.84,0.00,2.83,0.00
1500,31,10,pattern distributed,1.95,0.01,1.95,0.00
1500,31,100,pattern distributed,2.82,0.01,2.81,0.00
1500,41,10,pattern distributed,1.92,0.01,1.91,0.00
1500,41,100,pattern distributed,3.88,0.01,3.87,0.00
1500,51,10,pattern distributed,1.95,0.01,1.94,0.00
1500,51,100,pattern distributed,4.17,0.01,4.16,0.00
1500,61,10,pattern distributed,1.94,0.05,1.89,0.00
1500,61,100,pattern distributed,4.16,0.06,4.09,0.00
1500,71,10,pattern distributed,1.97,0.08,1.89,0.00
1500,71,100,pattern distributed,5.20,0.06,5.14,0.00
1500,81,10,pattern distributed,1.94,0.05,1.89,0.00
1500,81,100,pattern distributed,5.94,0.05,5.89,0.00
1500,91,10,pattern distributed,1.95,0.05,1.90,0.00
1500,91,100,pattern distributed,6.01,0.05,5.96,0.00
1500,101,10,pattern distributed,1.96,0.05,1.91,0.00
1500,101,100,pattern distributed,6.00,0.12,5.87,0.00
1500,111,10,pattern distributed,1.99,0.05,1.93,0.00
1500,111,100,pattern distributed,6.22,0.05,6.16,0.00
1500,121,10,pattern distributed,2.25,0.06,2.18,0.00
1500,121,100,pattern distributed,6.31,0.08,6.23,0.00
1500,131,10,pattern distributed,1.97,0.06,1.90,0.00
1500,131,100,pattern distributed,7.32,0.05,7.26,0.00
1500,141,10,pattern distributed,1.97,0.05,1.92,0.00
1500,141,100,pattern distributed,7.29,0.05,7.23,0.00
1500,151,10,pattern distributed,2.00,0.05,1.94,0.01
1500,151,100,pattern distributed,8.10,0.05,8.05,0.00
1500,161,10,pattern distributed,2.29,0.06,2.22,0.01
1500,161,100,pattern distributed,8.32,0.06,8.25,0.01
1500,171,10,pattern distributed,2.02,0.05,1.97,0.01
1500,171,100,pattern distributed,8.14,0.05,8.09,0.01
1500,181,10,pattern distributed,2.02,0.05,1.96,0.01
1500,181,100,pattern distributed,8.56,0.07,8.48,0.01
1500,191,10,pattern distributed,2.01,0.05,1.96,0.01
1500,191,100,pattern distributed,8.74,0.05,8.69,0.01
1500,201,10,pattern distributed,2.00,0.07,1.93,0.01
1500,201,100,pattern distributed,9.70,0.08,9.62,0.01
1500,211,10,pattern distributed,2.01,0.05,1.96,0.01
1500,211,100,pattern distributed,10.05,0.06,9.98,0.01
1500,221,10,pattern distributed,1.88,0.04,1.84,0.01
1500,221,100,pattern distributed,10.42,0.05,10.36,0.01
1500,231,10,pattern distributed,2.16,0.05,2.10,0.01
1500,231,100,pattern distributed,10.29,0.06,10.23,0.01
1500,241,10,pattern distributed,2.01,0.06,1.95,0.01
1500,241,100,pattern distributed,10.50,0.05,10.45,0.01
1500,251,10,pattern distributed,2.01,0.05,1.95,0.01
1500,251,100,pattern distributed,10.49,0.06,10.43,0.01
1500,261,10,pattern distributed,1.99,0.05,1.93,0.01
1500,261,100,pattern distributed,10.08,0.05,10.03,0.01
1500,271,10,pattern distributed,2.03,0.08,1.95,0.01
1500,271,100,pattern distributed,11.78,0.05,11.72,0.01
1500,281,10,pattern distributed,2.06,0.05,2.00,0.01
1500,281,100,pattern distributed,11.32,0.06,11.25,0.01
1500,291,10,pattern distributed,2.08,0.06,2.01,0.01
1500,291,100,pattern distributed,12.41,0.05,12.35,0.01
1500,301,10,pattern distributed,2.03,0.06,1.97,0.01
1500,301,100,pattern distributed,12.03,0.05,11.97,0.01
1500,311,10,pattern distributed,2.06,0.05,2.01,0.01
1500,311,100,pattern distributed,12.49,0.05,12.44,0.01
1500,321,10,pattern distributed,2.02,0.05,1.96,0.01
1500,321,100,pattern distributed,12.79,0.05,12.73,0.01
1500,331,10,pattern distributed,2.00,0.04,1.95,0.01
1500,331,100,pattern distributed,13.51,0.05,13.46,0.01
1500,341,10,pattern distributed,2.05,0.05,1.99,0.01
1500,341,100,pattern distributed,14.15,0.06,14.09,0.01
1500,351,10,pattern distributed,2.06,0.06,2.00,0.01
1500,351,100,pattern distributed,14.72,0.05,14.66,0.01
1500,361,10,pattern distributed,2.07,0.06,2.01,0.01
1500,361,100,pattern distributed,14.62,0.08,14.53,0.01
1500,371,10,pattern distributed,2.09,0.05,2.03,0.01
1500,371,100,pattern distributed,14.52,0.08,14.44,0.01
1500,381,10,pattern distributed,2.34,0.06,2.27,0.01
1500,381,100,pattern distributed,14.86,0.08,14.78,0.01
1500,391,10,pattern distributed,2.04,0.04,1.99,0.01
1500,391,100,pattern distributed,15.74,0.07,15.67,0.01
1500,401,10,pattern distributed,2.04,0.04,1.99,0.01
1500,401,100,pattern distributed,16.95,0.06,16.88,0.01
1500,411,10,pattern distributed,2.07,0.05,2.01,0.01
1500,411,100,pattern distributed,16.62,0.05,16.57,0.01
1500,421,10,pattern distributed,2.07,0.05,2.01,0.01
1500,421,100,pattern distributed,14.88,0.06,14.81,0.01
1500,431,10,pattern distributed,2.28,0.05,2.22,0.01
1500,431,100,pattern distributed,16.35,0.06,16.28,0.01
1500,441,10,pattern distributed,2.08,0.06,2.01,0.01
1500,441,100,pattern distributed,16.91,0.04,16.86,0.01
1500,451,10,pattern distributed,2.07,0.06,1.99,0.01
1500,451,100,pattern distributed,18.47,0.04,18.42,0.01
1500,461,10,pattern distributed,2.10,0.06,2.03,0.01
1500,461,100,pattern distributed,17.95,0.08,17.87,0.01
1500,471,10,pattern distributed,2.09,0.05,2.04,0.01
1500,471,100,pattern distributed,17.00,0.05,16.94,0.01
1500,481,10,pattern distributed,2.09,0.06,2.02,0.01
1500,481,100,pattern distributed,19.10,0.06,19.03,0.01
1500,491,10,pattern distributed,2.06,0.05,2.00,0.01
1500,491,100,pattern distributed,18.81,0.06,18.74,0.01
1500,501,10,pattern distributed,2.44,0.05,2.37,0.01
1500,501,100,pattern distributed,19.01,0.05,18.95,0.01
1500,511,10,pattern distributed,1.96,0.04,1.91,0.01
1500,511,100,pattern distributed,18.94,0.06,18.87,0.01
1500,521,10,pattern distributed,2.11,0.06,2.04,0.01
1500,521,100,pattern distributed,17.92,0.06,17.85,0.01
1500,531,10,pattern distributed,2.13,0.05,2.07,0.01
1500,531,100,pattern distributed,20.87,0.07,20.78,0.01
1500,541,10,pattern distributed,1.97,0.05,1.91,0.01
1500,541,100,pattern distributed,20.74,0.07,20.65,0.01
1500,551,10,pattern distributed,2.06,0.06,1.99,0.01
1500,551,100,pattern distributed,20.77,0.07,20.69,0.01
1500,561,10,pattern distributed,2.19,0.05,2.12,0.01
1500,561,100,pattern distributed,21.49,0.07,21.41,0.01
1500,571,10,pattern distributed,2.14,0.06,2.07,0.01
1500,571,100,pattern distributed,19.50,0.05,19.44,0.01
1500,581,10,pattern distributed,2.15,0.05,2.08,0.01
1500,581,100,pattern distributed,21.32,0.09,21.22,0.01
1500,591,10,pattern distributed,2.03,0.06,1.96,0.01
1500,591,100,pattern distributed,22.62,0.06,22.55,0.01
1500,601,10,pattern distributed,2.17,0.08,2.08,0.01
1500,601,100,pattern distributed,22.39,0.05,22.33,0.01
1500,611,10,pattern distributed,2.14,0.07,2.06,0.01
1500,611,100,pattern distributed,23.51,0.04,23.46,0.01
1500,621,10,pattern distributed,2.15,0.06,2.08,0.01
1500,621,100,pattern distributed,23.58,0.05,23.52,0.01
1500,631,10,pattern distributed,2.14,0.05,2.08,0.01
1500,631,100,pattern distributed,23.57,0.05,23.51,0.01
1500,641,10,pattern distributed,2.15,0.05,2.09,0.01
1500,641,100,pattern distributed,23.66,0.05,23.60,0.01
1500,651,10,pattern distributed,2.18,0.06,2.11,0.01
1500,651,100,pattern distributed,22.27,0.05,22.20,0.01
1500,661,10,pattern distributed,2.16,0.07,2.08,0.01
1500,661,100,pattern distributed,25.03,0.05,24.97,0.01
1500,671,10,pattern distributed,2.20,0.06,2.13,0.01
1500,671,100,pattern distributed,24.84,0.06,24.77,0.01
1500,681,10,pattern distributed,2.17,0.04,2.11,0.01
1500,681,100,pattern distributed,26.12,0.06,26.05,0.01
1500,691,10,pattern distributed,2.24,0.07,2.15,0.01
1500,691,100,pattern distributed,25.66,0.05,25.60,0.01
1500,701,10,pattern distributed,2.21,0.05,2.14,0.01
1500,701,100,pattern distributed,23.25,0.07,23.16,0.01
1500,711,10,pattern distributed,2.13,0.05,2.07,0.01
1500,711,100,pattern distributed,26.71,0.04,26.65,0.01
1500,721,10,pattern distributed,2.18,0.07,2.10,0.01
1500,721,100,pattern distributed,27.93,0.05,27.87,0.01
1500,731,10,pattern distributed,2.03,0.05,1.97,0.01
1500,731,100,pattern distributed,27.16,0.05,27.10,0.01
1500,741,10,pattern distributed,2.15,0.07,2.07,0.01
1500,741,100,pattern distributed,28.17,0.07,28.08,0.01
1500,751,10,pattern distributed,2.60,0.05,2.54,0.02
1500,751,100,pattern distributed,27.38,0.07,27.29,0.01
1500,761,10,pattern distributed,2.14,0.07,2.06,0.01
1500,761,100,pattern distributed,28.22,0.06,28.15,0.01
1500,771,10,pattern distributed,2.02,0.04,1.96,0.01
1500,771,100,pattern distributed,28.58,0.06,28.50,0.01
1500,781,10,pattern distributed,2.23,0.06,2.16,0.02
1500,781,100,pattern distributed,26.21,0.05,26.15,0.01
1500,791,10,pattern distributed,2.21,0.05,2.15,0.02
1500,791,100,pattern distributed,29.43,0.05,29.37,0.01
1500,801,10,pattern distributed,2.39,0.05,2.32,0.02
1500,801,100,pattern distributed,30.04,0.05,29.97,0.01
1500,811,10,pattern distributed,2.22,0.08,2.13,0.02
1500,811,100,pattern distributed,30.34,0.07,30.25,0.01
1500,821,10,pattern distributed,2.21,0.09,2.11,0.02
1500,821,100,pattern distributed,29.99,0.05,29.92,0.02
1500,831,10,pattern distributed,2.23,0.05,2.17,0.02
1500,831,100,pattern distributed,30.06,0.05,29.99,0.02
1500,841,10,pattern distributed,2.18,0.05,2.11,0.02
1500,841,100,pattern distributed,30.28,0.07,30.19,0.02
1500,851,10,pattern distributed,2.22,0.07,2.13,0.02
1500,851,100,pattern distributed,31.90,0.05,31.84,0.02
1500,861,10,pattern distributed,2.21,0.05,2.14,0.02
1500,861,100,pattern distributed,31.28,0.08,31.18,0.02
1500,871,10,pattern distributed,2.21,0.07,2.13,0.02
1500,871,100,pattern distributed,29.10,0.05,29.03,0.02
1500,881,10,pattern distributed,2.25,0.05,2.18,0.02
1500,881,100,pattern distributed,31.47,0.05,31.41,0.02
1500,891,10,pattern distributed,2.23,0.08,2.14,0.02
1500,891,100,pattern distributed,32.83,0.05,32.76,0.02
1500,901,10,pattern distributed,2.13,0.08,2.04,0.02
1500,901,100,pattern distributed,32.47,0.05,32.40,0.02
1500,911,10,pattern distributed,2.26,0.07,2.17,0.02
1500,911,100,pattern distributed,32.83,0.05,32.77,0.02
1500,921,10,pattern distributed,2.23,0.04,2.17,0.02
1500,921,100,pattern distributed,33.59,0.04,33.54,0.02
1500,931,10,pattern distributed,2.25,0.05,2.18,0.02
1500,931,100,pattern distributed,34.81,0.06,34.73,0.02
1500,941,10,pattern distributed,2.26,0.04,2.20,0.02
1500,941,100,pattern distributed,31.24,0.05,31.17,0.02
1500,951,10,pattern distributed,2.51,0.05,2.45,0.02
1500,951,100,pattern distributed,34.53,0.08,34.44,0.02
1500,961,10,pattern distributed,2.25,0.06,2.17,0.02
1500,961,100,pattern distributed,34.64,0.06,34.57,0.02
1500,971,10,pattern distributed,2.26,0.06,2.19,0.02
1500,971,100,pattern distributed,35.67,0.05,35.60,0.02
1500,981,10,pattern distributed,2.27,0.05,2.20,0.02
1500,981,100,pattern distributed,36.50,0.07,36.41,0.02
1500,991,10,pattern distributed,2.24,0.07,2.15,0.02
1500,991,100,pattern distributed,35.81,0.06,35.73,0.02
2000,1,10,pattern distributed,1.86,0.00,1.86,0.00
2000,1,100,pattern distributed,2.01,0.01,2.00,0.00
2000,11,10,pattern distributed,1.89,0.00,1.88,0.00
2000,11,100,pattern distributed,2.36,0.00,2.36,0.00
2000,21,10,pattern distributed,1.92,0.01,1.91,0.00
2000,21,100,pattern distributed,3.11,0.01,3.10,0.00
2000,31,10,pattern distributed,1.98,0.01,1.98,0.00
2000,31,100,pattern distributed,3.16,0.01,3.15,0.00
2000,41,10,pattern distributed,1.92,0.01,1.91,0.00
2000,41,100,pattern distributed,4.53,0.01,4.52,0.00
2000,51,10,pattern distributed,1.98,0.01,1.97,0.00
2000,51,100,pattern distributed,4.88,0.01,4.87,0.00
2000,61,10,pattern distributed,2.00,0.05,1.95,0.00
2000,61,100,pattern distributed,4.91,0.05,4.86,0.00
2000,71,10,pattern distributed,1.97,0.06,1.91,0.00
2000,71,100,pattern distributed,6.56,0.06,6.50,0.00
2000,81,10,pattern distributed,1.98,0.05,1.92,0.00
2000,81,100,pattern distributed,7.39,0.05,7.34,0.00
2000,91,100,pattern distributed,6.52,0.05,6.47,0.00
2000,101,10,pattern distributed,2.00,0.04,1.95,0.00
2000,101,100,pattern distributed,7.78,0.04,7.74,0.00
2000,111,10,pattern distributed,2.00,0.07,1.92,0.00
2000,111,100,pattern distributed,7.95,0.05,7.90,0.00
2000,121,10,pattern distributed,1.98,0.04,1.93,0.00
ndata,n_pattern,l_pattern,distributed_pattern,exec_time,transmit_time,compute_time,gather_time
2000,101,10,pattern not distributed,3.26,1.00,2.26,0.00
2000,101,10,pattern distributed,2.28,0.08,2.19,0.01
2000,201,10,pattern not distributed,2.46,0.00,2.46,0.01
2000,201,10,pattern distributed,2.30,0.09,2.21,0.01
2000,301,10,pattern not distributed,2.53,0.00,2.52,0.01
2000,401,10,pattern not distributed,3.01,0.00,3.00,0.01
2000,401,10,pattern distributed,2.45,0.07,2.37,0.01
2000,501,10,pattern not distributed,2.87,0.00,2.86,0.01
2000,501,10,pattern distributed,2.54,0.09,2.44,0.01
2000,601,10,pattern not distributed,2.98,0.00,2.96,0.01
2000,601,10,pattern distributed,2.51,0.08,2.42,0.01
2000,701,10,pattern not distributed,3.14,0.00,3.12,0.02
2000,701,10,pattern distributed,2.54,0.08,2.45,0.01
2000,801,10,pattern not distributed,3.23,0.01,3.21,0.02
2000,801,10,pattern distributed,2.61,0.07,2.52,0.02
2000,901,10,pattern not distributed,3.60,0.00,3.58,0.02
2000,901,10,pattern distributed,2.58,0.07,2.49,0.02
3000,1,10,pattern not distributed,2.22,0.00,2.21,0.00
3000,1,10,pattern distributed,2.22,0.00,2.21,0.00
3000,101,10,pattern not distributed,2.35,0.00,2.34,0.00
3000,101,10,pattern distributed,2.27,0.09,2.18,0.00
3000,201,10,pattern not distributed,2.53,0.00,2.52,0.01
3000,201,10,pattern distributed,2.40,0.07,2.32,0.01
3000,301,10,pattern not distributed,2.62,0.00,2.61,0.01
3000,301,10,pattern distributed,2.48,0.09,2.38,0.01
3000,401,10,pattern not distributed,2.84,0.00,2.83,0.01
3000,401,10,pattern distributed,2.59,0.07,2.50,0.01
3000,501,10,pattern not distributed,3.29,0.00,3.28,0.01
3000,501,10,pattern distributed,2.64,0.08,2.55,0.01
3000,601,10,pattern not distributed,3.13,0.00,3.12,0.01
3000,601,10,pattern distributed,2.64,0.10,2.53,0.01
3000,701,10,pattern not distributed,3.24,0.00,3.22,0.01
3000,701,10,pattern distributed,2.74,0.08,2.65,0.02
3000,801,10,pattern not distributed,3.39,0.00,3.37,0.02
3000,801,10,pattern distributed,2.79,0.06,2.71,0.02
3000,901,10,pattern not distributed,3.57,0.00,3.55,0.02
3000,901,10,pattern distributed,2.84,0.08,2.73,0.02
4000,1,10,pattern not distributed,2.83,0.01,2.82,0.00
4000,1,10,pattern distributed,2.26,0.00,2.25,0.00
4000,101,10,pattern not distributed,2.39,0.00,2.38,0.00
4000,101,10,pattern distributed,2.35,0.06,2.29,0.01
4000,201,10,pattern not distributed,2.60,0.00,2.59,0.01
4000,201,10,pattern distributed,2.45,0.11,2.33,0.01
4000,301,10,pattern not distributed,2.71,0.00,2.70,0.01
4000,301,10,pattern distributed,2.56,0.08,2.47,0.01
4000,401,10,pattern not distributed,2.96,0.00,2.94,0.01
4000,401,10,pattern distributed,2.61,0.09,2.51,0.01
4000,501,10,pattern not distributed,3.06,0.00,3.05,0.01
4000,501,10,pattern distributed,3.02,0.10,2.91,0.01
4000,601,10,pattern distributed,2.78,0.06,2.71,0.01
4000,701,10,pattern not distributed,3.44,0.00,3.43,0.02
4000,701,10,pattern distributed,2.97,0.09,2.86,0.02
4000,801,10,pattern not distributed,3.60,0.00,3.58,0.02
4000,801,10,pattern distributed,3.01,0.08,2.91,0.02
4000,901,10,pattern not distributed,3.77,0.00,3.75,0.02
4000,901,10,pattern distributed,3.08,0.09,2.97,0.02
5000,1,10,pattern not distributed,2.23,0.00,2.22,0.00
5000,1,10,pattern distributed,2.49,0.00,2.48,0.00
5000,101,10,pattern not distributed,2.41,0.00,2.41,0.00
5000,101,10,pattern distributed,2.40,0.08,2.32,0.00
5000,201,10,pattern not distributed,2.65,0.00,2.64,0.01
5000,201,10,pattern distributed,2.48,0.10,2.38,0.01
5000,301,10,pattern not distributed,2.84,0.00,2.83,0.01
5000,301,10,pattern distributed,2.63,0.10,2.53,0.01
5000,401,10,pattern not distributed,2.98,0.00,2.97,0.01
5000,401,10,pattern distributed,2.75,0.08,2.66,0.01
5000,501,10,pattern not distributed,3.21,0.00,3.20,0.01
5000,501,10,pattern distributed,2.87,0.06,2.79,0.01
5000,601,10,pattern not distributed,3.68,0.00,3.66,0.01
5000,601,10,pattern distributed,2.92,0.07,2.83,0.01
5000,701,10,pattern not distributed,3.57,0.00,3.55,0.02
5000,701,10,pattern distributed,3.06,0.09,2.94,0.02
5000,801,10,pattern not distributed,3.78,0.00,3.76,0.02
5000,801,10,pattern distributed,3.21,0.07,3.13,0.02
5000,901,10,pattern not distributed,4.01,0.00,3.99,0.02
5000,901,10,pattern distributed,3.26,0.09,3.15,0.02
6000,1,10,pattern not distributed,2.23,0.00,2.23,0.00
6000,1,10,pattern distributed,2.21,0.00,2.20,0.00
6000,101,10,pattern not distributed,2.64,0.00,2.63,0.00
6000,101,10,pattern distributed,2.44,0.12,2.32,0.00
6000,201,10,pattern not distributed,2.67,0.00,2.66,0.01
6000,201,10,pattern distributed,2.51,0.08,2.42,0.01
6000,301,10,pattern not distributed,2.82,0.00,2.81,0.01
6000,301,10,pattern distributed,2.70,0.08,2.60,0.01
6000,401,10,pattern not distributed,3.09,0.00,3.08,0.01
6000,401,10,pattern distributed,2.85,0.06,2.78,0.01
6000,501,10,pattern not distributed,3.30,0.00,3.29,0.01
6000,501,10,pattern distributed,2.96,0.06,2.89,0.01
6000,601,10,pattern not distributed,3.82,0.00,3.80,0.01
6000,601,10,pattern distributed,3.05,0.06,2.98,0.01
6000,701,10,pattern not distributed,3.70,0.00,3.68,0.02
6000,701,10,pattern distributed,3.16,0.07,3.08,0.02
6000,801,10,pattern not distributed,3.96,0.00,3.94,0.02
6000,801,10,pattern distributed,3.38,0.09,3.27,0.02
6000,901,10,pattern not distributed,4.17,0.00,4.15,0.02
6000,901,10,pattern distributed,3.54,0.09,3.43,0.02
7000,1,10,pattern not distributed,2.22,0.00,2.22,0.00
7000,1,10,pattern distributed,2.24,0.00,2.24,0.00
7000,101,10,pattern not distributed,2.74,0.00,2.73,0.00
7000,101,10,pattern distributed,2.48,0.07,2.40,0.01
7000,201,10,pattern not distributed,2.69,0.00,2.68,0.01
7000,201,10,pattern distributed,2.55,0.10,2.45,0.01
7000,301,10,pattern not distributed,2.93,0.00,2.92,0.01
7000,301,10,pattern distributed,2.75,0.08,2.66,0.01
7000,401,10,pattern not distributed,3.13,0.00,3.12,0.01
7000,401,10,pattern distributed,2.88,0.05,2.82,0.01
7000,501,10,pattern not distributed,3.36,0.01,3.35,0.01
7000,501,10,pattern distributed,3.03,0.08,2.93,0.01
7000,601,10,pattern not distributed,3.94,0.01,3.92,0.01
7000,601,10,pattern distributed,3.19,0.07,3.10,0.01
7000,701,10,pattern not distributed,3.88,0.00,3.87,0.01
7000,701,10,pattern distributed,3.39,0.08,3.29,0.02
7000,801,10,pattern not distributed,4.11,0.00,4.09,0.02
7000,801,10,pattern distributed,3.49,0.07,3.39,0.02
7000,901,10,pattern not distributed,4.38,0.00,4.36,0.02
7000,901,10,pattern distributed,3.57,0.11,3.43,0.02
8000,1,10,pattern not distributed,2.17,0.00,2.16,0.00
8000,1,10,pattern distributed,2.18,0.00,2.18,0.00
8000,101,10,pattern not distributed,2.56,0.00,2.55,0.00
8000,101,10,pattern distributed,2.49,0.08,2.40,0.00
8000,201,10,pattern not distributed,2.77,0.00,2.76,0.01
8000,201,10,pattern distributed,2.65,0.10,2.54,0.01
8000,301,10,pattern not distributed,2.94,0.00,2.93,0.01
8000,301,10,pattern distributed,2.79,0.08,2.69,0.02
8000,401,10,pattern not distributed,3.31,0.00,3.30,0.01
8000,401,10,pattern distributed,3.01,0.07,2.93,0.01
8000,501,10,pattern not distributed,3.54,0.00,3.53,0.01
8000,501,10,pattern distributed,3.17,0.08,3.07,0.01
8000,601,10,pattern not distributed,4.12,0.00,4.11,0.01
8000,601,10,pattern distributed,3.31,0.09,3.20,0.01
8000,701,10,pattern not distributed,3.94,0.00,3.92,0.01
8000,701,10,pattern distributed,3.48,0.09,3.38,0.02
8000,801,10,pattern not distributed,4.32,0.00,4.30,0.01
8000,801,10,pattern distributed,3.67,0.08,3.57,0.02
8000,901,10,pattern not distributed,4.61,0.00,4.59,0.02
8000,901,10,pattern distributed,3.87,0.08,3.77,0.02
9000,1,10,pattern not distributed,2.22,0.00,2.21,0.00
9000,1,10,pattern distributed,2.49,0.01,2.48,0.00
9000,101,10,pattern not distributed,2.49,0.00,2.48,0.00
9000,101,10,pattern distributed,2.53,0.08,2.44,0.01
9000,201,10,pattern not distributed,2.81,0.00,2.80,0.01
9000,201,10,pattern distributed,2.69,0.07,2.61,0.01
9000,301,10,pattern not distributed,3.04,0.00,3.03,0.01
9000,301,10,pattern distributed,2.84,0.10,2.74,0.01
9000,401,10,pattern not distributed,3.37,0.00,3.35,0.01
9000,401,10,pattern distributed,3.14,0.07,3.06,0.01
9000,501,10,pattern not distributed,3.68,0.00,3.66,0.01
9000,501,10,pattern distributed,3.59,0.07,3.51,0.01
9000,601,10,pattern not distributed,3.90,0.00,3.88,0.01
9000,601,10,pattern distributed,3.45,0.08,3.36,0.01
9000,701,10,pattern not distributed,4.15,0.00,4.13,0.01
9000,701,10,pattern distributed,3.61,0.10,3.49,0.02
9000,801,10,pattern not distributed,4.44,0.00,4.42,0.02
9000,801,10,pattern distributed,3.81,0.13,3.66,0.02
9000,901,10,pattern not distributed,4.69,0.01,4.66,0.02
9000,901,10,pattern distributed,4.15,0.08,4.05,0.02
1000,1,50,pattern not distributed,2.26,0.00,2.25,0.00
1000,1,50,pattern distributed,2.23,0.00,2.22,0.00
1000,101,50,pattern not distributed,4.20,0.00,4.19,0.00
1000,101,50,pattern distributed,2.72,0.08,2.63,0.00
1000,201,50,pattern not distributed,6.16,0.00,6.15,0.01
1000,201,50,pattern distributed,3.42,0.08,3.33,0.01
1000,301,50,pattern not distributed,8.26,0.00,8.25,0.01
1000,301,50,pattern distributed,4.23,0.08,4.14,0.01
1000,401,50,pattern not distributed,10.10,0.00,10.09,0.01
1000,401,50,pattern distributed,4.61,0.09,4.51,0.01
1000,501,50,pattern not distributed,12.17,0.00,12.16,0.01
1000,501,50,pattern distributed,5.17,0.07,5.08,0.01
1000,601,50,pattern not distributed,14.18,0.00,14.16,0.01
1000,601,50,pattern distributed,5.72,0.06,5.64,0.01
1000,701,50,pattern not distributed,16.17,0.00,16.15,0.02
1000,701,50,pattern distributed,6.29,0.08,6.19,0.02
1000,801,50,pattern not distributed,17.84,0.00,17.82,0.02
1000,801,50,pattern distributed,5.10,0.10,4.99,0.02
1000,901,50,pattern not distributed,20.12,0.00,20.10,0.02
1000,901,50,pattern distributed,6.84,0.06,6.76,0.02
2000,1,50,pattern not distributed,2.24,0.00,2.24,0.00
2000,1,50,pattern distributed,2.22,0.00,2.22,0.00
2000,101,50,pattern not distributed,4.76,0.00,4.76,0.00
2000,101,50,pattern distributed,3.61,0.09,3.52,0.00
2000,201,50,pattern not distributed,7.26,0.00,7.26,0.01
2000,201,50,pattern distributed,4.67,0.06,4.61,0.01
2000,301,50,pattern not distributed,9.83,0.00,9.82,0.01
2000,301,50,pattern distributed,5.71,0.07,5.63,0.01
2000,401,50,pattern not distributed,12.36,0.00,12.34,0.01
2000,401,50,pattern distributed,7.19,0.07,7.11,0.01
2000,501,50,pattern not distributed,14.92,0.00,14.90,0.01
2000,501,50,pattern distributed,8.00,0.05,7.93,0.01
2000,601,50,pattern not distributed,17.37,0.00,17.36,0.01
2000,601,50,pattern distributed,9.63,0.17,9.44,0.01
2000,701,50,pattern not distributed,19.97,0.00,19.95,0.01
2000,701,50,pattern distributed,10.16,0.10,10.05,0.02
2000,801,50,pattern not distributed,22.53,0.00,22.51,0.02
2000,801,50,pattern distributed,11.56,0.07,11.47,0.02
2000,901,50,pattern not distributed,24.97,0.00,24.95,0.02
2000,901,50,pattern distributed,13.16,0.08,13.06,0.02
3000,1,50,pattern not distributed,2.27,0.00,2.26,0.00
3000,1,50,pattern distributed,2.23,0.00,2.22,0.00
3000,101,50,pattern distributed,4.38,0.09,4.28,0.01
3000,201,50,pattern not distributed,8.39,0.00,8.39,0.01
3000,201,50,pattern distributed,6.02,0.08,5.93,0.01
3000,301,50,pattern not distributed,11.48,0.00,11.47,0.01
3000,301,50,pattern distributed,7.51,0.10,7.41,0.01
3000,401,50,pattern not distributed,14.48,0.00,14.46,0.01
3000,401,50,pattern distributed,9.57,0.09,9.47,0.01
3000,501,50,pattern not distributed,17.69,0.00,17.67,0.01
3000,501,50,pattern distributed,10.82,0.10,10.71,0.01
3000,601,50,pattern distributed,12.71,0.08,12.62,0.01
3000,701,50,pattern not distributed,23.84,0.00,23.83,0.01
3000,701,50,pattern distributed,14.15,0.09,14.04,0.02
3000,801,50,pattern not distributed,26.90,0.00,26.88,0.02
3000,801,50,pattern distributed,16.34,0.06,16.27,0.02
3000,901,50,pattern not distributed,30.00,0.00,29.97,0.02
3000,901,50,pattern distributed,17.88,0.06,17.80,0.02
4000,1,50,pattern not distributed,2.21,0.00,2.21,0.00
4000,1,50,pattern distributed,2.24,0.00,2.23,0.00
4000,101,50,pattern not distributed,5.81,0.00,5.80,0.00
4000,101,50,pattern distributed,5.07,0.05,5.01,0.00
4000,201,50,pattern not distributed,9.49,0.00,9.48,0.01
4000,201,50,pattern distributed,7.24,0.11,7.13,0.01
4000,301,50,pattern not distributed,13.23,0.00,13.22,0.01
4000,301,50,pattern distributed,9.32,0.10,9.21,0.01
4000,401,50,pattern not distributed,16.76,0.00,16.75,0.01
4000,401,50,pattern distributed,11.90,0.06,11.82,0.01
4000,501,50,pattern not distributed,20.30,0.00,20.29,0.01
4000,501,50,pattern distributed,13.61,0.09,13.51,0.01
4000,601,50,pattern not distributed,23.99,0.00,23.97,0.01
4000,601,50,pattern distributed,16.20,0.09,16.10,0.01
4000,701,50,pattern not distributed,27.55,0.00,27.54,0.02
4000,701,50,pattern distributed,18.04,0.10,17.93,0.02
4000,801,50,pattern not distributed,31.24,0.00,31.22,0.02
4000,801,50,pattern distributed,20.92,0.10,20.80,0.02
4000,901,50,pattern not distributed,34.82,0.00,34.80,0.02
4000,901,50,pattern distributed,23.06,0.09,22.95,0.02
5000,1,50,pattern not distributed,2.20,0.00,2.19,0.00
5000,1,50,pattern distributed,2.22,0.00,2.21,0.00
5000,101,50,pattern not distributed,6.43,0.00,6.42,0.00
5000,101,50,pattern distributed,5.71,0.09,5.62,0.00
5000,201,50,pattern not distributed,10.67,0.00,10.66,0.01
5000,201,50,pattern distributed,8.44,0.07,8.37,0.01
5000,301,50,pattern not distributed,16.43,0.00,16.42,0.01
5000,301,50,pattern distributed,16.47,0.12,16.34,0.01
5000,401,50,pattern not distributed,23.42,0.00,23.41,0.01
5000,401,50,pattern distributed,13.15,0.06,13.09,0.01
5000,501,50,pattern not distributed,23.83,0.00,23.81,0.01
5000,501,50,pattern distributed,23.41,0.06,23.34,0.01
5000,601,50,pattern not distributed,35.13,0.01,35.11,0.01
5000,601,50,pattern distributed,18.33,0.06,18.26,0.01
5000,701,50,pattern not distributed,29.08,0.00,29.07,0.01
5000,701,50,pattern distributed,20.53,0.05,20.47,0.01
5000,801,50,pattern not distributed,33.07,0.00,33.06,0.01
5000,801,50,pattern distributed,24.43,0.05,24.36,0.02
5000,901,50,pattern not distributed,37.52,0.00,37.50,0.02
5000,901,50,pattern distributed,26.16,0.07,26.07,0.02
6000,1,50,pattern not distributed,1.86,0.00,1.85,0.00
6000,1,50,pattern distributed,1.90,0.00,1.89,0.00
6000,101,50,pattern not distributed,6.43,0.00,6.42,0.00
6000,101,50,pattern distributed,6.05,0.07,5.98,0.00
6000,201,50,pattern not distributed,11.39,0.00,11.39,0.01
6000,201,50,pattern distributed,8.99,0.05,8.93,0.01
6000,301,50,pattern not distributed,15.57,0.00,15.56,0.01
6000,301,50,pattern distributed,11.77,0.07,11.70,0.01
6000,401,50,pattern not distributed,19.96,0.00,19.95,0.01
6000,401,50,pattern distributed,15.94,0.06,15.87,0.01
6000,501,50,pattern not distributed,24.57,0.00,24.56,0.01
6000,501,50,pattern distributed,18.15,0.05,18.09,0.01
6000,601,50,pattern not distributed,28.94,0.00,28.93,0.01
6000,601,50,pattern distributed,21.89,0.07,21.80,0.01
6000,701,50,pattern not distributed,33.45,0.00,33.43,0.01
6000,701,50,pattern distributed,24.31,0.08,24.22,0.01
6000,801,50,pattern not distributed,37.99,0.00,37.98,0.01
6000,801,50,pattern distributed,28.25,0.05,28.19,0.01
6000,901,50,pattern not distributed,42.55,0.00,42.53,0.02
6000,901,50,pattern distributed,31.46,0.08,31.36,0.02
7000,1,50,pattern not distributed,1.90,0.00,1.90,0.00
7000,1,50,pattern distributed,1.91,0.00,1.90,0.00
7000,101,50,pattern not distributed,7.04,0.00,7.03,0.00
7000,101,50,pattern distributed,6.62,0.05,6.56,0.00
7000,201,50,pattern not distributed,12.12,0.00,12.11,0.01
7000,201,50,pattern distributed,10.16,0.07,10.09,0.01
7000,301,50,pattern not distributed,17.22,0.00,17.21,0.01
7000,301,50,pattern distributed,13.65,0.09,13.56,0.01
7000,401,50,pattern not distributed,22.14,0.00,22.13,0.01
7000,401,50,pattern distributed,17.61,0.04,17.55,0.01
7000,501,50,pattern not distributed,27.09,0.00,27.07,0.01
7000,501,50,pattern distributed,20.99,0.05,20.94,0.01
7000,601,50,pattern not distributed,32.07,0.00,32.05,0.01
7000,601,50,pattern distributed,25.48,0.05,25.42,0.01
7000,701,50,pattern not distributed,37.01,0.00,36.99,0.01
7000,701,50,pattern distributed,28.03,0.05,27.97,0.01
7000,801,50,pattern not distributed,42.20,0.00,42.18,0.02
7000,801,50,pattern distributed,32.75,0.08,32.66,0.02
7000,901,50,pattern not distributed,47.26,0.00,47.24,0.02
7000,901,50,pattern distributed,36.23,0.05,36.16,0.02
8000,1,50,pattern not distributed,1.88,0.00,1.87,0.00
8000,1,50,pattern distributed,1.94,0.00,1.94,0.00
8000,101,50,pattern not distributed,7.68,0.00,7.68,0.00
8000,101,50,pattern distributed,7.00,0.05,6.95,0.00
8000,201,50,pattern not distributed,13.43,0.00,13.42,0.01
8000,201,50,pattern distributed,11.32,0.04,11.27,0.01
8000,301,50,pattern not distributed,18.87,0.00,18.86,0.01
8000,301,50,pattern distributed,15.46,0.05,15.40,0.01
8000,401,50,pattern not distributed,24.34,0.00,24.33,0.01
8000,401,50,pattern distributed,20.18,0.08,20.09,0.01
8000,501,50,pattern not distributed,29.93,0.00,29.92,0.01
8000,501,50,pattern distributed,23.68,0.05,23.62,0.01
8000,601,50,pattern not distributed,35.66,0.00,35.65,0.01
8000,601,50,pattern distributed,28.92,0.04,28.87,0.01
8000,701,50,pattern not distributed,41.08,0.00,41.06,0.01
8000,701,50,pattern distributed,32.30,0.05,32.24,0.01
8000,801,50,pattern not distributed,47.58,0.00,47.56,0.01
8000,801,50,pattern distributed,37.13,0.10,37.01,0.02
8000,901,50,pattern not distributed,52.40,0.00,52.38,0.02
8000,901,50,pattern distributed,46.17,0.05,46.11,0.02
9000,1,50,pattern not distributed,2.68,0.00,2.62,0.06
9000,1,50,pattern distributed,2.72,0.00,2.64,0.07
9000,101,50,pattern not distributed,9.62,0.00,9.58,0.03
9000,101,50,pattern distributed,7.35,0.04,7.30,0.00
9000,201,50,pattern not distributed,14.33,0.00,14.32,0.01
9000,201,50,pattern distributed,12.50,0.04,12.45,0.01
9000,301,50,pattern not distributed,20.69,0.00,20.68,0.01
9000,301,50,pattern distributed,17.02,0.07,16.95,0.01
9000,401,50,pattern not distributed,26.69,0.00,26.68,0.01
9000,401,50,pattern distributed,23.01,0.05,22.95,0.01
9000,501,50,pattern not distributed,33.05,0.00,33.04,0.01
9000,501,50,pattern distributed,26.32,0.08,26.24,0.01
9000,601,50,pattern not distributed,38.91,0.00,38.89,0.01
9000,601,50,pattern distributed,31.67,0.05,31.61,0.01
9000,701,50,pattern not distributed,45.18,0.00,45.17,0.01
9000,701,50,pattern distributed,35.67,0.05,35.61,0.01
9000,801,50,pattern not distributed,51.38,0.00,51.36,0.01
9000,801,50,pattern distributed,41.70,0.10,41.58,0.02
9000,901,50,pattern not distributed,57.53,0.00,57.51,0.02
9000,901,50,pattern distributed,46.30,0.04,46.24,0.02
